ID,Name,Password
14,asad,123
1,"hafiz Muhammad saadullah",
9,ali,saad
10,ubaid,123
11,ubaid111,123
12,asad,121212
13,asad,123
15,saad,123
16,ali,123
17,asad,12345
18,haris,123
19,saif,123
20,,
21,,
22,Name,Password
23,asad,123
24,"hafiz Muhammad saadullah",
25,ali,saad
26,ubaid,123
27,ubaid111,123
28,asad,121212
29,asad,123
30,saad,123
31,ali,123
32,asad,12345
33,haris,123
34,saif,123
35,,
36,,
37,Name,Password
38,asad,123
39,"hafiz Muhammad saadullah",
40,ali,saad
41,ubaid,123
42,ubaid111,123
43,asad,121212
44,asad,123
45,saad,123
46,ali,123
47,asad,12345
48,haris,123
49,saif,123
50,,
51,,
52,Name,Password
53,asad,123
54,"hafiz Muhammad saadullah",
55,ali,saad
56,ubaid,123
57,ubaid111,123
58,asad,121212
59,asad,123
60,saad,123
61,ali,123
62,asad,12345
63,haris,123
64,saif,123
65,,
66,,
67,Name,Password
68,asad,123
69,"hafiz Muhammad saadullah",
70,ali,saad
71,ubaid,123
72,ubaid111,123
73,asad,121212
74,asad,123
75,saad,123
76,ali,123
77,asad,12345
78,haris,123
79,saif,123
80,,
81,,
82,Name,Password
83,asad,123
84,"hafiz Muhammad saadullah",
85,ali,saad
86,ubaid,123
87,ubaid111,123
88,asad,121212
89,asad,123
90,saad,123
91,ali,123
92,asad,12345
93,haris,123
94,saif,123
95,,
96,,
97,Name,Password
98,asad,123
99,"hafiz Muhammad saadullah",
100,ali,saad
101,ubaid,123
102,ubaid111,123
103,asad,121212
104,asad,123
105,saad,123
106,ali,123
107,asad,12345
108,haris,123
109,saif,123
110,,
111,,
